-- addresses
INSERT INTO `address` (`addressID`,`address`, `postalCode`, `city`, `state`, `country`) VALUES (201,'789 Tuson', 'V4C 4C5', 'Vancouver', 'BC', 'Canada');
INSERT INTO `address` (`addressID`,`address`, `postalCode`, `city`, `state`, `country`) VALUES (202,'987 Main Street', 'V0X 2C4', 'Penticton', 'BC', 'Canada');
INSERT INTO `address` (`addressID`,`address`, `postalCode`, `city`, `state`, `country`) VALUES (203,'23 Smith Ave', 'V0X 1W0', 'Ollala', 'BC ', 'Canada');
INSERT INTO `address` (`addressID`,`address`, `postalCode`, `city`, `state`, `country`) VALUES (204,'324 Richtor', 'V0X 1W0', 'Kelowna', 'BC', 'Canada');
INSERT INTO `address` (`addressID`,`address`, `postalCode`, `city`, `state`, `country`) VALUES (205,'654 Dollar Drive', 'V0X 1W0', 'Winfield', 'BC', 'Canada');
INSERT INTO `address` (`addressID`,`address`, `postalCode`, `city`, `state`, `country`) VALUES (206,'56 Tullo Ave', 'V0X 1W0', 'Peachland', 'BC', 'Canada');
INSERT INTO `address` (`addressID`,`address`, `postalCode`, `city`, `state`, `country`) VALUES (207,'153 Pender Street', 'V0X 1W0 ', 'Kelowna', 'BC', 'Canada');
INSERT INTO `address` (`addressID`,`address`, `postalCode`, `city`, `state`, `country`) VALUES (208,'823 Brown Street', 'V0X 1W0', 'Oliver', 'BC', 'Canada');
INSERT INTO `address` (`addressID`,`address`, `postalCode`, `city`, `state`, `country`) VALUES (209,'721 Yellow Ave', 'V0X !W0', 'Vancouver', 'BC', 'Canada');
INSERT INTO `address` (`addressID`,`address`, `postalCode`, `city`, `state`, `country`) VALUES (210,'154 oak', 'f2h4y5', 'vancouver', 'bc', 'canada');
INSERT INTO `address` (`addressID`,`address`, `postalCode`, `city`, `state`, `country`) VALUES (211,'1478 orchard', 'g2g3h3', 'vancouver', 'bc', 'canada');
INSERT INTO `address` (`addressID`,`address`, `postalCode`, `city`, `state`, `country`) VALUES (212,'111 lean', 'b2b4j4', 'edmonton', 'ab', 'canada');
INSERT INTO `address` (`addressID`,`address`, `postalCode`, `city`, `state`, `country`) VALUES (213,'5847 river', 'w0ef6y', 'calgary', 'ab', 'canada');
INSERT INTO `address` (`addressID`,`address`, `postalCode`, `city`, `state`, `country`) VALUES (214,'2587 rock', 'f5r9e9', 'calgary', 'ab', 'canada');
INSERT INTO `address` (`addressID`,`address`, `postalCode`, `city`, `state`, `country`) VALUES (215,'2549 lea', 'g33y4y', 'toronto', 'on', 'canada');
INSERT INTO `address` (`addressID`,`address`, `postalCode`, `city`, `state`, `country`) VALUES (216,'2547 queen', 'b6y5i5', 'toronto', 'on', 'canada');
INSERT INTO `address` (`addressID`,`address`, `postalCode`, `city`, `state`, `country`) VALUES (217,'596 proud', '9k93j3', 'london', 'on', 'canada');
INSERT INTO `address` (`addressID`,`address`, `postalCode`, `city`, `state`, `country`) VALUES (218,'54789 bridge', '1k1 e5e', 'london', 'on', 'canada');
INSERT INTO `address` (`addressID`,`address`, `postalCode`, `city`, `state`, `country`) VALUES (219,'second', '123 n4n', 'Calgary', 'AB', 'Canada');
INSERT INTO `address` (`addressID`,`address`, `postalCode`, `city`, `state`, `country`) VALUES (220,'haro', '144 m6m', 'Toronto', 'ON', 'Canada');
INSERT INTO `address` (`addressID`,`address`, `postalCode`, `city`, `state`, `country`) VALUES (221,'ST. Andrews', '345 7b5', 'Toronto', 'ON', 'Canada');
INSERT INTO `address` (`addressID`,`address`, `postalCode`, `city`, `state`, `country`) VALUES (222,'St. Pauls', '3v5 9n4', 'Vancouver', 'BC', 'Canada');
INSERT INTO `address` (`addressID`,`address`, `postalCode`, `city`, `state`, `country`) VALUES (223,'oak', '345 bn7', 'vancouver', 'BC', 'Canada');
INSERT INTO `address` (`addressID`,`address`, `postalCode`, `city`, `state`, `country`) VALUES (224,'Marine dr', '5m7 9m9', 'Toronto', 'ON', 'Canada');
INSERT INTO `address` (`addressID`,`address`, `postalCode`, `city`, `state`, `country`) VALUES (225,'Fell', '345 b76', 'Vancouver', 'BC', 'Canada');
INSERT INTO `address` (`addressID`,`address`, `postalCode`, `city`, `state`, `country`) VALUES (226,'White', 'c4b 55m', 'Vancouver', 'BC', 'Canada');
INSERT INTO `address` (`addressID`,`address`, `postalCode`, `city`, `state`, `country`) VALUES (227,'Black', '222 777', 'Vancouver', 'BC', 'Canada');
INSERT INTO `address` (`addressID`,`address`, `postalCode`, `city`, `state`, `country`) VALUES (228,'1220 Denman St', 'v6g1k3', 'vancouver', 'BC', 'Canada');
INSERT INTO `address` (`addressID`,`address`, `postalCode`, `city`, `state`, `country`) VALUES (229,'784 Fir St', 'v2l1j5', 'vancouver', 'BC', 'Canada');
INSERT INTO `address` (`addressID`,`address`, `postalCode`, `city`, `state`, `country`) VALUES (230,'654 11th St', 'v8f1h6', 'vancouver', 'BC', 'Canada');
INSERT INTO `address` (`addressID`,`address`, `postalCode`, `city`, `state`, `country`) VALUES (231,'605-882 Cedar Ave', 'o7d1s6', 'toronto', 'ON', 'Canada');
INSERT INTO `address` (`addressID`,`address`, `postalCode`, `city`, `state`, `country`) VALUES (232,'4846 Beach Ave', 'g4j2t4', 'gibsons', 'BC', 'Canada');
INSERT INTO `address` (`addressID`,`address`, `postalCode`, `city`, `state`, `country`) VALUES (233,'1701-451 Pacific Boulevard', 'v8l6f2', 'vancouver', 'BC', 'Canada');
INSERT INTO `address` (`addressID`,`address`, `postalCode`, `city`, `state`, `country`) VALUES (234,'724 Revolution St', 'c6d5s9', 'calgary', 'AB', 'Canada');
INSERT INTO `address` (`addressID`,`address`, `postalCode`, `city`, `state`, `country`) VALUES (235,'985 Frozen St', 'e0b3m6', 'edmonton', 'AB', 'Canada');
INSERT INTO `address` (`addressID`,`address`, `postalCode`, `city`, `state`, `country`) VALUES (236,'5520 Commercial Drive', 'q2l4f2', 'quebec', 'QC', 'Canada');
INSERT INTO `address` (`addressID`,`address`, `postalCode`, `city`, `state`, `country`) VALUES (237,'442 Gilford St', 'm3d0j1', 'montreal', 'QC', 'Canada');
INSERT INTO `address` (`addressID`,`address`, `postalCode`, `city`, `state`, `country`) VALUES (238,'2060 e 37th', 'vsp1j2', 'vancouver', 'bc', 'canada');
INSERT INTO `address` (`addressID`,`address`, `postalCode`, `city`, `state`, `country`) VALUES (239,'3647 w 38th ', 'bsl104', 'tofino ', 'bc', 'canada');
INSERT INTO `address` (`addressID`,`address`, `postalCode`, `city`, `state`, `country`) VALUES (240,'2846 w 39th', 'ahsn18', 'burnaby', 'bc', 'canada');
INSERT INTO `address` (`addressID`,`address`, `postalCode`, `city`, `state`, `country`) VALUES (241,'3746 n 40th ', 'shss21', 'surrey', 'bc', 'canada');
INSERT INTO `address` (`addressID`,`address`, `postalCode`, `city`, `state`, `country`) VALUES (242,'2735 q 41st ', 'wsas36', 'prince george', 'bc ', 'canada');
INSERT INTO `address` (`addressID`,`address`, `postalCode`, `city`, `state`, `country`) VALUES (243,'5673 r 42nd', 'dg45w', 'rupert', 'bc', 'canada');
INSERT INTO `address` (`addressID`,`address`, `postalCode`, `city`, `state`, `country`) VALUES (244,'4657 s 43rd', 'sgdt23', 'delta', 'bc ', 'canada');
INSERT INTO `address` (`addressID`,`address`, `postalCode`, `city`, `state`, `country`) VALUES (245,'8574 e 45th', 'qkas12', 'new west', 'bc', 'canada');
INSERT INTO `address` (`addressID`,`address`, `postalCode`, `city`, `state`, `country`) VALUES (246,'6452 w 46th', 'saka46', 'vancouver', 'bc ', 'canada');
INSERT INTO `address` (`addressID`,`address`, `postalCode`, `city`, `state`, `country`) VALUES (247,'7584 t 47th ', 'lolo 67', 'vancouver', 'bc ', 'canada');
INSERT INTO `address` (`addressID`,`address`, `postalCode`, `city`, `state`, `country`) VALUES (248,'Adair st 1023', 'S5A', 'New Westminster', 'BC', 'Canada');
INSERT INTO `address` (`addressID`,`address`, `postalCode`, `city`, `state`, `country`) VALUES (249,'Karen St 1789', '6W2', 'Surrey', 'BC', 'Canada');
INSERT INTO `address` (`addressID`,`address`, `postalCode`, `city`, `state`, `country`) VALUES (250,'Halifax st 5641', 'L5A', 'Richmond', 'BC', 'Canada');
INSERT INTO `address` (`addressID`,`address`, `postalCode`, `city`, `state`, `country`) VALUES (251,'Montecito Dr 5273', 'M8E', 'Langley', 'BC', 'Canada');
INSERT INTO `address` (`addressID`,`address`, `postalCode`, `city`, `state`, `country`) VALUES (252,'Duthie Ave 2694', 'V8W', 'Abbotsford', 'BC', 'Canada');
INSERT INTO `address` (`addressID`,`address`, `postalCode`, `city`, `state`, `country`) VALUES (253,'Cliff Ave', 'O1Q', 'Kelowna', 'BC', 'Canada');
INSERT INTO `address` (`addressID`,`address`, `postalCode`, `city`, `state`, `country`) VALUES (254,'Karen St 5413', 'N2K', 'Chilliwack', 'BC', 'Canada');
INSERT INTO `address` (`addressID`,`address`, `postalCode`, `city`, `state`, `country`) VALUES (255,'Sperling Ave 4298', 'B5W', 'Nanaimo', 'BC', 'Canada');
INSERT INTO `address` (`addressID`,`address`, `postalcode`, `city`, `state`, `country`) VALUES (256,'234 valonse', 'v3z6t5', 'surrey', 'bc', 'canada');
INSERT INTO `address` (`addressID`,`address`, `postalcode`, `city`, `state`, `country`) VALUES (257,'1278 mcdougall', 'c2w5m7', 'delta', 'bc', 'canada');
INSERT INTO `address` (`addressID`,`address`, `postalcode`, `city`, `state`, `country`) VALUES (258,'45 loop', '2w37t6', 'surrey', 'bc', 'canada');
INSERT INTO `address` (`addressID`,`address`, `postalcode`, `city`, `state`, `country`) VALUES (259,'786 btine ', '2v34t5', 'surrey', 'bc', 'canada');
INSERT INTO `address` (`addressID`,`address`, `postalcode`, `city`, `state`, `country`) VALUES (260,'34 french', '2s3n74', 'barrie', 'on', 'canada');
INSERT INTO `address` (`addressID`,`address`, `postalcode`, `city`, `state`, `country`) VALUES (261,'292 cheltenh', '5r6b29', 'vancouver', 'bc', 'canada');
INSERT INTO `address` (`addressID`,`address`, `postalcode`, `city`, `state`, `country`) VALUES (262,'435 flip', '8t64g6', 'richmond', 'on', 'canada');
INSERT INTO `address` (`addressID`,`address`, `postalcode`, `city`, `state`, `country`) VALUES (263,'223 drum', '1v23f4', 'vancouver', 'bc', 'canada');
INSERT INTO `address` (`addressID`,`address`, `postalcode`, `city`, `state`, `country`) VALUES (264,'889  river', '6t74m1', 'surrey', 'alberta', 'canada');
INSERT INTO `address` (`addressID`,`address`, `postalcode`, `city`, `state`, `country`) VALUES (265,'200 fancy', '0j83v7', 'richmond hill', 'manitoba', 'canada');


-- students
INSERT INTO `student` (`studentID`,`firstName`, `LastName`, `Gender`, `Email`, `BirthDate`, `ContactNumber`, `addressID`) VALUES (60, 'John', 'Doe', 'Male', 'johndoe@poludo.ca', '1985-02-05', '6044642256', '201');
INSERT INTO `student` (`studentID`,`firstName`, `LastName`, `Gender`, `Email`, `BirthDate`, `ContactNumber`, `addressID`) VALUES (61, 'Jesse', 'James', 'Male', 'JesseeJames@poludo.ca', '1988-05-09', '6042216423', '202');
INSERT INTO `student` (`studentID`,`firstName`, `LastName`, `Gender`, `Email`, `BirthDate`, `ContactNumber`, `addressID`) VALUES (62, 'Emmerson', 'McIntosh', 'Male', 'EmmersonMcIntosh@poludo.ca', '1983-07-07', '6042345678', '203');
INSERT INTO `student` (`studentID`,`firstName`, `LastName`, `Gender`, `Email`, `BirthDate`, `ContactNumber`, `addressID`) VALUES (63, 'Melanie', 'Low', 'Female', 'melanielow@poludo.ca', '1981-02-02', '6044644464', '204');
INSERT INTO `student` (`studentID`,`firstName`, `lastName`, `gender`, `email`, `birthDate`, `contactNumber`, `addressID`) VALUES (64,'Ricardo', 'Catena', 'male', 'nachocatena@hotmail.com', '1987-12-25', '7783204519', '205');
INSERT INTO `student` (`studentID`,`firstName`, `lastName`, `gender`, `email`, `birthDate`, `contactNumber`, `addressID`) VALUES (65,'Michael', 'Andrews', 'male', 'm.andrews@gmail.com', '1984-02-21', '6042215587', '206');
INSERT INTO `student` (`studentID`,`firstName`, `lastName`, `gender`, `email`, `birthDate`, `contactNumber`, `addressID`) VALUES (66,'Amanda', 'Andan', 'female', 'amanda.a@hotmail.com', '1954-05-17', '7784561238', '207');
INSERT INTO `student` (`studentID`,`firstName`, `lastName`, `gender`, `email`, `birthDate`, `contactNumber`, `addressID`) VALUES (67,'Rafael', 'Mendez', 'male', 'rafa_mendez@yahoo.com', '1988-07-16', '7785498671', '208');
INSERT INTO `student` (`studentID`,`firstName`, `lastName`, `gender`, `email`, `birthDate`, `contactNumber`, `addressID`) VALUES (68,'Martina', 'Peterson', 'female', 'martinapeterson@gmail.com', '1974-08-12', '6045478914', '207');
INSERT INTO `student` (`studentID`,`firstName`, `lastName`, `gender`, `birthDate`, `email`, `contactNumber`, `addressID`) VALUES (69,'Peter', 'Ivanov', 'm', '1988-03-09', 'pivanov@gmail.com', '7789234588', '211');
INSERT INTO `student` (`studentID`,`firstName`, `lastName`, `gender`, `birthDate`, `email`, `contactNumber`, `addressID`) VALUES (70,'Anna ', 'Sidoirova', 'f', '1978-12-03', 'asidorova@gmail.com', '6045567893', '202');
INSERT INTO `student` (`studentID`,`firstName`, `lastName`, `gender`, `birthDate`, `email`, `contactNumber`, `addressID`) VALUES (71,'Julia ', 'Smith', 'f', '1982-04-09', 'jsmith@gmail.com', '6048894567', '203');
INSERT INTO `student` (`studentID`,`firstName`, `lastName`, `gender`, `birthDate`, `email`, `contactNumber`, `addressID`) VALUES (72,'Michel ', 'Popov', 'm', '1979-07-04', 'mpopov@gmail.com', '6097893355', '214');
INSERT INTO `student` (`studentID`,`firstName`, `lastName`, `gender`, `birthDate`, `email`, `contactNumber`, `addressID`) VALUES (73,'Nik', 'Black', 'm', '1990-05-05', 'nblack@gmail.com', '7789345587', '225');
INSERT INTO `student` (`studentID`,`firstName`, `lastName`, `gender`, `email`, `birthDate`, `contactNumber`, `addressID`) VALUES (74,'Sara', 'Conor', 'f', 'sara@jjj.com', '1960-12-19', '1245789642', '210');
INSERT INTO `student` (`studentID`,`firstName`, `lastName`, `gender`, `email`, `birthDate`, `contactNumber`, `addressID`) VALUES (75,'Derek', 'New', 'm', 'derek@lll.com', '1970-12-12', '6044525285', '232');
INSERT INTO `student` (`studentID`,`firstName`, `lastName`, `gender`, `email`, `birthDate`, `contactNumber`, `addressID`) VALUES (76,'Bobby', 'Brown', 'm', 'bobby@hju.com', '1985-09-15', '4045028574', '244');
INSERT INTO `student` (`studentID`,`firstName`, `lastName`, `gender`, `email`, `birthDate`, `contactNumber`, `addressID`) VALUES (77,'Donna', 'Lawer', 'f', 'donna@hjy.com', '1969-07-25', '6045248394', '250');
INSERT INTO `student` (`studentID`,`firstName`, `lastName`, `gender`, `email`, `birthDate`, `contactNumber`, `addressID`) VALUES (78,'Eva', 'One', 'f', 'eva@ghr.com', '1980-11-09', '5248697878', '226');
INSERT INTO `student` (`studentID`,`firstName`, `lastName`, `gender`, `email`, `birthDate`, `contactNumber`, `addressID`) VALUES (79,'Keath', 'River', 'm', 'keath@ghe.com', '1977-06-30', '4547879696', '217');
INSERT INTO `student` (`studentID`,`firstName`, `lastName`, `gender`, `email`, `birthDate`, `contactNumber`, `addressID`) VALUES (80,'Donna', 'Brown', 'f', 'donna@hjy.com', '1987-05-31', '4044567898', '208');
INSERT INTO `student` (`studentID`,`firstName`, `lastName`, `gender`, `email`, `birthDate`, `contactNumber`, `addressID`) VALUES (81,'Gomer', 'Simpson', 'm', 'gomer@gov.com', '1964-04-04', '6078077777', '249');
INSERT INTO `student` (`studentID`,`firstName`, `lastName`, `gender`, `email`, `birthDate`, `contactNumber`, `addressID`) VALUES (82,'Marta', 'Stevens', 'f', 'marta@gov.com', '1990-07-22', '6046044545', '210');
INSERT INTO `student` (`studentID`,`firstName`, `lastName`, `gender`, `email`, `birthDate`, `contactNumber`, `addressID`) VALUES (83,'alex ', 'habibi', 'male', 'habibi@gmail.com', '1990-02-05', '7782537134', '214');
INSERT INTO `student` (`studentID`,`firstName`, `lastName`, `gender`, `email`, `birthDate`, `contactNumber`, `addressID`) VALUES (84,'vinnie', 'chung ', 'male', 'chung@gmail.com', '1880-02-15', '5536278222', '250');
INSERT INTO `student` (`studentID`,`firstName`, `lastName`, `gender`, `email`, `birthDate`, `contactNumber`, `addressID`) VALUES (85,'chanteya', 'sparks', 'female', 'chanteya@gmail.com', '1997-02-16', '2727277272', '216');
INSERT INTO `student` (`studentID`,`firstName`, `lastName`, `gender`, `email`, `birthDate`, `contactNumber`, `addressID`) VALUES (86,'moniku', 'tran ', 'female', 'monikhu@hotmail.com', '1992-03-30', '5757575757', '237');
INSERT INTO `student` (`studentID`,`firstName`, `lastName`, `gender`, `email`, `birthDate`, `contactNumber`, `addressID`) VALUES (87,'paras ', 'jindal', 'male', 'paras@yahoo.com', '1998-06-06', '7373773737', '248');
INSERT INTO `student` (`studentID`,`firstName`, `lastName`, `gender`, `email`, `birthDate`, `contactNumber`, `addressID`) VALUES (88,'alehandro', 'biscus', 'male', 'alehandro@hotmail.com', '1999-05-02', '8585885858', '239');
INSERT INTO `student` (`studentID`,`firstName`, `lastName`, `gender`, `email`, `birthDate`, `contactNumber`, `addressID`) VALUES (89,'ola', 'lola', 'male', 'era@gmail.com', '2000-12-12', '6565656565', '226');
INSERT INTO `student` (`studentID`,`firstName`, `lastName`, `gender`, `email`, `birthDate`, `contactNumber`, `addressID`) VALUES (90,'inna', 'gustov', 'female', 'igustov@mail.com', '1988-05-31', '6047723456', '255');
INSERT INTO `student` (`studentID`,`firstName`, `lastName`, `gender`, `email`, `birthDate`, `contactNumber`, `addressID`) VALUES (91,'peter', 'bouklin', 'male', 'peterb@gmail.com', '1973-09-20', '345678209', '263');
INSERT INTO `student` (`studentID`,`firstName`, `lastName`, `gender`, `email`, `birthDate`, `contactNumber`, `addressID`) VALUES (92,'loren', 'derron', 'female', 'loren77@mail.com', '1999-08-02', '657435987', '264');
INSERT INTO `student` (`studentID`,`firstName`, `lastName`, `gender`, `email`, `birthDate`, `contactNumber`, `addressID`) VALUES (93,'mark', 'gonzales', 'male', 'mark90@hotmail.com', '2004-04-05', '778934523', '262');
INSERT INTO `student` (`studentID`,`firstName`, `lastName`, `gender`, `email`, `birthDate`, `contactNumber`, `addressID`) VALUES (94,'poulin', 'lovinger', 'female', 'paul2004@me.com', '2000-09-12', '345678912', '260');

-- instructors
INSERT INTO `instructor` (`instructorID`, `fullName`, `email`, `contactNumber`, `addressID`) VALUES ('1', 'Jesse Teixeira', 'jesse.teixeira@poludo.ca', '6043546150', '206');
INSERT INTO `instructor` (`instructorID`, `fullName`, `email`, `contactNumber`, `addressID`) VALUES ('2', 'Boris Poludo', 'boris.poludo@poludo.ca', '604666666', '238');
INSERT INTO `instructor` (`instructorID`, `fullName`, `email`, `contactNumber`, `addressID`) VALUES ('3', 'John Doe', 'jhndoe@poludo.ca', '000000000', '256');
INSERT INTO `instructor` (`instructorID`, `fullName`, `email`, `contactNumber`, `addressID`) VALUES ('4', 'Jane Doe', 'janedoe@poludo.ca', '111111111', '237');
INSERT INTO `instructor` (`instructorID`, `fullName`, `email`, `contactNumber`, `addressID`) VALUES ('5', 'Martin Luther King', 'martin.king@poludo.ca', '222222222', '214');
INSERT INTO `instructor` (`instructorID`, `fullName`, `email`, `contactNumber`, `addressID`) VALUES ('6', 'John Travolta', 'john.travolta@poludo.ca', '125895632', '231');
INSERT INTO `instructor` (`instructorID`, `fullName`, `email`, `contactNumber`, `addressID`) VALUES ('7', 'Donald Trump', 'donald.trump@poludo.ca', '785621452', '261');
INSERT INTO `instructor` (`instructorID`, `fullName`, `email`, `contactNumber`, `addressID`) VALUES ('8', 'Justin Trudeau', 'justin.trudeau@poludo.ca', '152463256', '255');
INSERT INTO `instructor` (`instructorID`, `fullName`, `email`, `contactNumber`, `addressID`) VALUES ('9', 'Carl Johnson', 'carl.jonson@poludo.ca', '741852369', '208');
INSERT INTO `instructor` (`instructorID`, `fullName`, `email`, `contactNumber`, `addressID`) VALUES ('10', 'Chris Grey', 'chris.grey@poludo.ca', '258951753', '216');

-- SQL classes 
INSERT INTO `class` (`classID`,  `description`, `totalHours`) VALUES ('SQ1', 'Introduction to SQL and its history', STR_TO_DATE('0001-01-01 4:00:00', '%Y-%m-%d %r'));
INSERT INTO `class` (`classID`,  `description`, `totalHours`) VALUES ( 'SQ2','SQL Process to execute tasks', STR_TO_DATE('0001-01-01 4:00:00', '%Y-%m-%d %r'));
INSERT INTO `class` (`classID`,  `description`, `totalHours`) VALUES ( 'SQ3','What is DDL, DML, DCL, DQL and CRUD', STR_TO_DATE('0001-01-01 4:00:00', '%Y-%m-%d %r'));
INSERT INTO `class` (`classID`,  `description`, `totalHours`) VALUES ('SQ4','Introduction to RDBMS', STR_TO_DATE('0001-01-01 4:00:00', '%Y-%m-%d %r'));
INSERT INTO `class` (`classID`,  `description`, `totalHours`) VALUES ('SQ5','What is table, field, record row, column and Constraint', STR_TO_DATE('0001-01-01 4:00:00', '%Y-%m-%d %r'));
INSERT INTO `class` (`classID`,  `description`, `totalHours`) VALUES ('SQ6','SQL Data Types and Operators', STR_TO_DATE('0001-01-01 4:00:00', '%Y-%m-%d %r'));
INSERT INTO `class` (`classID`,  `description`, `totalHours`) VALUES ('SQ7','Data integrity and database Normalization', STR_TO_DATE('0001-01-01 4:00:00', '%Y-%m-%d %r'));
INSERT INTO `class` (`classID`,  `description`, `totalHours`) VALUES ('SQ8','Understanding the SQL Syntax', STR_TO_DATE('0001-01-01 4:00:00', '%Y-%m-%d %r'));
INSERT INTO `class` (`classID`,  `description`, `totalHours`) VALUES ('SQ9','Use the Select Statement to retrieve and filter your data', STR_TO_DATE('0001-01-01 4:00:00', '%Y-%m-%d %r'));
INSERT INTO `class` (`classID`,  `description`, `totalHours`) VALUES ('SQ10','SQL Aggregate and Scalar functions', STR_TO_DATE('0001-01-01 4:00:00', '%Y-%m-%d %r'));
INSERT INTO `class` (`classID`,  `description`, `totalHours`) VALUES ( 'SQ11','Create and modelling databases and tables', STR_TO_DATE('0001-01-01 8:00:00', '%Y-%m-%d %r'));
INSERT INTO `class` (`classID`,  `description`, `totalHours`) VALUES ( 'SQ12','Applying the constraints', STR_TO_DATE('0001-01-01 4:00:00', '%Y-%m-%d %r'));
INSERT INTO `class` (`classID`,  `description`, `totalHours`) VALUES ( 'SQ13','Overview of Transactions', STR_TO_DATE('0001-01-01 4:00:00', '%Y-%m-%d %r'));
INSERT INTO `class` (`classID`,  `description`, `totalHours`) VALUES ( 'SQ14','Writing Basic and correlated Subqueries', STR_TO_DATE('0001-01-01 3:00:00', '%Y-%m-%d %r'));
INSERT INTO `class` (`classID`,  `description`, `totalHours`) VALUES ( 'SQ15','Joins and Temporary Tables', STR_TO_DATE('0001-01-01 4:00:00', '%Y-%m-%d %r'));
INSERT INTO `class` (`classID`,  `description`, `totalHours`) VALUES ( 'SQ16','Overview of Views, Stored Procedures and Triggers', STR_TO_DATE('0001-01-01 4:00:00', '%Y-%m-%d %r'));
INSERT INTO `class` (`classID`,  `description`, `totalHours`) VALUES ( 'SQ17','Overview of User-Defined Functions', STR_TO_DATE('0001-01-01 4:00:00', '%Y-%m-%d %r'));
INSERT INTO `class` (`classID`,  `description`, `totalHours`) VALUES ( 'SQ18','Writing Distributed Queries', STR_TO_DATE('0001-01-01 4:00:00', '%Y-%m-%d %r'));
INSERT INTO `class` (`classID`,  `description`, `totalHours`) VALUES ( 'SQ19','Cursors and Set-Based Queries', STR_TO_DATE('0001-01-01 2:00:00', '%Y-%m-%d %r'));
INSERT INTO `class` (`classID`,  `description`, `totalHours`) VALUES ('SQ20','Dynamic SQL', STR_TO_DATE('0001-01-01 3:00:00', '%Y-%m-%d %r'));

-- Java classes
INSERT INTO `class` (`classID`,  `description`, `totalHours`) VALUES ('JL1', 'How the computer sees the world: bits, bytes', STR_TO_DATE('0001-01-01 03:00:00', '%Y-%m-%d %r'));
INSERT INTO `class` (`classID`,  `description`, `totalHours`) VALUES ('JL2','Introduction to Object orientation and Java', STR_TO_DATE('0001-01-01 03:00:00', '%Y-%m-%d %r'));
INSERT INTO `class` (`classID`,  `description`, `totalHours`) VALUES ('JL3','Introduction to Eclipse IDE', STR_TO_DATE('0001-01-01 06:00:00', '%Y-%m-%d %r'));
INSERT INTO `class` (`classID`,  `description`, `totalHours`) VALUES ('JL4','Declaring and using primitive data type variables', STR_TO_DATE('0001-01-01 04:00:00', '%Y-%m-%d %r'));
INSERT INTO `class` (`classID`,  `description`, `totalHours`) VALUES ('JL5','Working with arrays', STR_TO_DATE('0001-01-01 05:00:00', '%Y-%m-%d %r'));
INSERT INTO `class` (`classID`,  `description`, `totalHours`) VALUES ('JL6','Receiving user inputs', STR_TO_DATE('0001-01-01 04:00:00', '%Y-%m-%d %r'));
INSERT INTO `class` (`classID`,  `description`, `totalHours`) VALUES ('JL7','Casting, conversion and promotion', STR_TO_DATE('0001-01-01 04:00:00', '%Y-%m-%d %r'));
INSERT INTO `class` (`classID`,  `description`, `totalHours`) VALUES ('JL8','Flow Control', STR_TO_DATE('0001-01-01 04:00:00', '%Y-%m-%d %r'));
INSERT INTO `class` (`classID`,  `description`, `totalHours`) VALUES ('JL9','Packages and libraries', STR_TO_DATE('0001-01-01 02:00:00', '%Y-%m-%d %r'));
INSERT INTO `class` (`classID`,  `description`, `totalHours`) VALUES ('JL10','Java classes, attributes, modifiers, constructors, methods and encapsulation', STR_TO_DATE('0001-01-01 04:00:00', '%Y-%m-%d %r'));
INSERT INTO `class` (`classID`,  `description`, `totalHours`) VALUES ('JL11','Interfaces, abstract classes and inheritance', STR_TO_DATE('0001-01-01 04:00:00', '%Y-%m-%d %r'));
INSERT INTO `class` (`classID`,  `description`, `totalHours`) VALUES ( 'JL12','Polymorphism', STR_TO_DATE('0001-01-01 04:00:00', '%Y-%m-%d %r'));
INSERT INTO `class` (`classID`,  `description`, `totalHours`) VALUES ( 'JL13','Java Collections', STR_TO_DATE('0001-01-01 04:00:00', '%Y-%m-%d %r'));
INSERT INTO `class` (`classID`,  `description`, `totalHours`) VALUES ( 'JL14','File manipulation with Java', STR_TO_DATE('0001-01-01 04:00:00', '%Y-%m-%d %r'));
INSERT INTO `class` (`classID`,  `description`, `totalHours`) VALUES ( 'JL15','The MVC concept', STR_TO_DATE('0001-01-01 04:00:00', '%Y-%m-%d %r'));
INSERT INTO `class` (`classID`,  `description`, `totalHours`) VALUES ( 'JL16','Java and Threads', STR_TO_DATE('0001-01-01 04:00:00', '%Y-%m-%d %r'));
INSERT INTO `class` (`classID`,  `description`, `totalHours`) VALUES ('JL17','Working with Sockets', STR_TO_DATE('0001-01-01 04:00:00', '%Y-%m-%d %r'));

-- QA Classes
INSERT INTO `class` (`classID`,  `description`, `totalHours`) VALUES ('QA1','Agile application development methodology and implementation', STR_TO_DATE('0001-01-01 04:00:00', '%Y-%m-%d %r'));
INSERT INTO `class` (`classID`,  `description`, `totalHours`) VALUES ('QA2','Defect Management Systems. HP Quality Centre, Atlassian Jira', STR_TO_DATE('0001-01-01 04:00:00', '%Y-%m-%d %r'));
INSERT INTO `class` (`classID`,  `description`, `totalHours`) VALUES ('QA3','Tester\'s tools and technologies. overview of programming languages, scripting languages and protocols', STR_TO_DATE('0001-01-01 04:00:00', '%Y-%m-%d %r'));
INSERT INTO `class` (`classID`,  `description`, `totalHours`) VALUES ('QA4','Cloud computing and virtual machines', STR_TO_DATE('0001-01-01 04:00:00', '%Y-%m-%d %r'));
INSERT INTO `class` (`classID`,  `description`, `totalHours`) VALUES ('QA5','Software test automation, UFT, Selenium, LoadRunner, WebLoad, and other functional and performance test automation tools', STR_TO_DATE('0001-01-01 04:00:00', '%Y-%m-%d %r'));
INSERT INTO `class` (`classID`,  `description`, `totalHours`) VALUES ('QA6','Test results analysis and reporting', STR_TO_DATE('0001-01-01 04:00:00', '%Y-%m-%d %r'));
INSERT INTO `class` (`classID`,  `description`, `totalHours`) VALUES ('QA7','Practical application of acquired knowledge and skills', STR_TO_DATE('0001-01-01 04:00:00', '%Y-%m-%d %r'));
INSERT INTO `class` (`classID`,  `description`, `totalHours`) VALUES ('QA8','How to get that first QA Analyst / Software Tester job', STR_TO_DATE('0001-01-01 04:00:00', '%Y-%m-%d %r'));
INSERT INTO `class` (`classID`,  `description`, `totalHours`) VALUES ('QA9','Resume that generates calls. 20 winning resume samples', STR_TO_DATE('0001-01-01 04:00:00', '%Y-%m-%d %r'));
INSERT INTO `class` (`classID`,  `description`, `totalHours`) VALUES ('QA10','Interview technique that gets you ahead of others. Interview Q&As', STR_TO_DATE('0001-01-01 04:00:00', '%Y-%m-%d %r'));
INSERT INTO `class` (`classID`,  `description`, `totalHours`) VALUES ('QA11','Employment options. FT Permanent, FT Contract, Contract-to-hire, Contract, Consulting. Pros and cons of each option and how to pursue one', STR_TO_DATE('0001-01-01 04:00:00', '%Y-%m-%d %r'));
INSERT INTO `class` (`classID`,  `description`, `totalHours`) VALUES ('QA12','What to do in your new job. 1st day, 1st month, 1st year', STR_TO_DATE('0001-01-01 04:00:00', '%Y-%m-%d %r'));
INSERT INTO `class` (`classID`,  `description`, `totalHours`) VALUES ('QA13','Resume that generates calls. twenty winning resume samples', STR_TO_DATE('0001-01-01 04:00:00', '%Y-%m-%d %r'));
INSERT INTO `class` (`classID`,  `description`, `totalHours`) VALUES ( 'QA14','Interview technique that gets you ahead of others. Interview Q&As', STR_TO_DATE('0001-01-01 04:00:00', '%Y-%m-%d %r'));
INSERT INTO `class` (`classID`,  `description`, `totalHours`) VALUES ('QA15','Employment options. FT Permanent, FT Contract, Contract-to-hire, Contract, Consulting. Pros and cons of each option and how to pursue one', STR_TO_DATE('0001-01-01 04:00:00', '%Y-%m-%d %r'));
INSERT INTO `class` (`classID`,  `description`, `totalHours`) VALUES ('QA16','What to do in your new job, first day, first month, first year', STR_TO_DATE('0001-01-01 04:00:00', '%Y-%m-%d %r'));

-- SOFTWARE TECHNOLOGIES AND TOOLS Classes
INSERT INTO `class` (`classID`, `totalHours`, `description`) VALUES ('STT1', STR_TO_DATE('0001-01-01 04:00:00', '%Y-%m-%d %r'), 'Agile application development methodology and implementation');
INSERT INTO `class` (`classID`, `totalHours`, `description`) VALUES ('STT2', STR_TO_DATE('0001-01-01 05:00:00', '%Y-%m-%d %r'), 'Defect Management Systems. HP Quality Centre, Atlassian Jira');
INSERT INTO `class` (`classID`, `totalHours`, `description`) VALUES ('STT3', STR_TO_DATE('0001-01-01 04:00:00', '%Y-%m-%d %r'), 'Tester\'s tools and technologies. overview of programming languages, scripting languages and protocols');
INSERT INTO `class` (`classID`, `totalHours`, `description`) VALUES ('STT4', STR_TO_DATE('0001-01-01 04:00:00', '%Y-%m-%d %r'), 'Cloud computing and virtual machines');
INSERT INTO `class` (`classID`, `totalHours`, `description`) VALUES ('STT5', STR_TO_DATE('0001-01-01 06:00:00', '%Y-%m-%d %r'), 'Software test automation, UFT, Selenium, LoadRunner, WebLoad, and other functional and performance test automation tools');
INSERT INTO `class` (`classID`, `totalHours`, `description`) VALUES ('STT6', STR_TO_DATE('0001-01-01 04:00:00', '%Y-%m-%d %r'), 'Test results analysis and reporting');
INSERT INTO `class` (`classID`, `totalHours`, `description`) VALUES ('STT7', STR_TO_DATE('0001-01-01 04:00:00', '%Y-%m-%d %r'), 'Practical application of acquired knowledge and skills');
INSERT INTO `class` (`classID`, `totalHours`, `description`) VALUES ('STT8', STR_TO_DATE('0001-01-01 04:00:00', '%Y-%m-%d %r'), 'How to get that first QA Analyst / Software Tester job');
INSERT INTO `class` (`classID`, `totalHours`, `description`) VALUES ('STT9', STR_TO_DATE('0001-01-01 04:00:00', '%Y-%m-%d %r'), 'Resume that generates calls. 20 winning resume samples');
INSERT INTO `class` (`classID`, `totalHours`, `description`) VALUES ('STT10', STR_TO_DATE('0001-01-01 03:00:00', '%Y-%m-%d %r'), 'Interview technique that gets you ahead of others. Interview Q&As');
INSERT INTO `class` (`classID`, `totalHours`, `description`) VALUES ('STT11', STR_TO_DATE('0001-01-01 04:00:00', '%Y-%m-%d %r'), 'Employment options. FT Permanent, FT Contract, Contract-to-hire, Contract, Consulting. Pros and cons of each option and how to pursue one');
INSERT INTO `class` (`classID`, `totalHours`, `description`) VALUES ('STT12', STR_TO_DATE('0001-01-01 02:00:00', '%Y-%m-%d %r'), 'What to do in your new job. 1st day, 1st month, 1st year');
INSERT INTO `class` (`classID`, `totalHours`, `description`) VALUES ('STT13', STR_TO_DATE('0001-01-01 04:00:00', '%Y-%m-%d %r'), 'Resume that generates calls. twenty winning resume samples');
INSERT INTO `class` (`classID`, `totalHours`, `description`) VALUES ('STT14', STR_TO_DATE('0001-01-01 04:00:00', '%Y-%m-%d %r'), 'Interview technique that gets you ahead of others. Interview Q&As');

-- classes_instructors
insert into instructor_class (classID,instructorID)  values('JL1',9);
insert into instructor_class (classID,instructorID)  values('JL10',2);
insert into instructor_class (classID,instructorID)  values('JL11',5);
insert into instructor_class (classID,instructorID)  values('JL12',1);
insert into instructor_class (classID,instructorID)  values('JL13',5);
insert into instructor_class (classID,instructorID)  values('JL14',10);
insert into instructor_class (classID,instructorID)  values('JL15',3);
insert into instructor_class (classID,instructorID)  values('JL16',4);
insert into instructor_class (classID,instructorID)  values('JL17',9);
insert into instructor_class (classID,instructorID)  values('JL2',9);
insert into instructor_class (classID,instructorID)  values('JL3',5);
insert into instructor_class (classID,instructorID)  values('JL4',4);
insert into instructor_class (classID,instructorID)  values('JL5',3);
insert into instructor_class (classID,instructorID)  values('JL6',3);
insert into instructor_class (classID,instructorID)  values('JL7',2);
insert into instructor_class (classID,instructorID)  values('JL8',10);
insert into instructor_class (classID,instructorID)  values('JL9',1);
insert into instructor_class (classID,instructorID)  values('QA1',9);
insert into instructor_class (classID,instructorID)  values('QA10',6);
insert into instructor_class (classID,instructorID)  values('QA11',6);
insert into instructor_class (classID,instructorID)  values('QA12',3);
insert into instructor_class (classID,instructorID)  values('QA13',1);
insert into instructor_class (classID,instructorID)  values('QA14',1);
insert into instructor_class (classID,instructorID)  values('QA15',2);
insert into instructor_class (classID,instructorID)  values('QA16',1);
insert into instructor_class (classID,instructorID)  values('QA2',7);
insert into instructor_class (classID,instructorID)  values('QA3',2);
insert into instructor_class (classID,instructorID)  values('QA4',5);
insert into instructor_class (classID,instructorID)  values('QA5',5);
insert into instructor_class (classID,instructorID)  values('QA6',6);
insert into instructor_class (classID,instructorID)  values('QA7',9);
insert into instructor_class (classID,instructorID)  values('QA8',8);
insert into instructor_class (classID,instructorID)  values('QA9',3);
insert into instructor_class (classID,instructorID)  values('SQ1',10);
insert into instructor_class (classID,instructorID)  values('SQ10',9);
insert into instructor_class (classID,instructorID)  values('SQ11',6);
insert into instructor_class (classID,instructorID)  values('SQ12',9);
insert into instructor_class (classID,instructorID)  values('SQ13',6);
insert into instructor_class (classID,instructorID)  values('SQ14',1);
insert into instructor_class (classID,instructorID)  values('SQ15',7);
insert into instructor_class (classID,instructorID)  values('SQ16',3);
insert into instructor_class (classID,instructorID)  values('SQ17',1);
insert into instructor_class (classID,instructorID)  values('SQ18',1);
insert into instructor_class (classID,instructorID)  values('SQ19',5);
insert into instructor_class (classID,instructorID)  values('SQ2',2);
insert into instructor_class (classID,instructorID)  values('SQ20',5);
insert into instructor_class (classID,instructorID)  values('SQ3',5);
insert into instructor_class (classID,instructorID)  values('SQ4',2);
insert into instructor_class (classID,instructorID)  values('SQ5',1);
insert into instructor_class (classID,instructorID)  values('SQ6',7);
insert into instructor_class (classID,instructorID)  values('SQ7',2);
insert into instructor_class (classID,instructorID)  values('SQ8',2);
insert into instructor_class (classID,instructorID)  values('SQ9',6);
insert into instructor_class (classID,instructorID)  values('STT1',8);
insert into instructor_class (classID,instructorID)  values('STT10',3);
insert into instructor_class (classID,instructorID)  values('STT11',1);
insert into instructor_class (classID,instructorID)  values('STT12',10);
insert into instructor_class (classID,instructorID)  values('STT13',6);
insert into instructor_class (classID,instructorID)  values('STT14',8);
insert into instructor_class (classID,instructorID)  values('STT2',3);
insert into instructor_class (classID,instructorID)  values('STT3',3);
insert into instructor_class (classID,instructorID)  values('STT4',6);
insert into instructor_class (classID,instructorID)  values('STT5',1);
insert into instructor_class (classID,instructorID)  values('STT6',9);
insert into instructor_class (classID,instructorID)  values('STT7',7);
insert into instructor_class (classID,instructorID)  values('STT8',5);
insert into instructor_class (classID,instructorID)  values('STT9',5);

-- course
INSERT INTO `course` (`courseID`, `name`, `description`) VALUES ('1', 'Software Quality Assurance, Quality Control and Testing', 'An extensive course designed to deliver complex concept in a simple, comprehensive format. In this course you will learn everything you need to know to become a Software Tester.');
INSERT INTO `course` (`courseID`, `name`, `description`) VALUES ('2', 'Software Testing Tools and Technology', 'In this module Students will have a deeper discussion on Software development organization units, team communication cycle bringing more details on team members roles, responsibilities and team environment culture. Students also start in depth discussions on different types of environments, concept of build and release deployment as well as build and release management processes. ');
INSERT INTO `course` (`courseID`, `name`, `description`) VALUES ('3', 'Introduction to Java and Object Oriented Programming', 'The Java and object oriented programming course is designed for anyone who wants to start in the technology field, or upgrade by learning a new programming language in order to re-enter the job market. This course covers the first steps in becoming a successful programmer, adopting all the concepts of object orientation programming (OOP) and the basics of the java programming language (one of the most used languages in the industry). After the course completion the student will be able to develop and maintain Java applications and also will be ready to learn the advanced topics that the language provides.');
INSERT INTO `course` (`courseID`, `name`, `description`) VALUES ('4', 'Working with Data, SQL', 'The SQL Server developer course is excellent for anyone who wants to learn more about data storage and manipulation using relational databases. This course is designed in a straightforward way to allow any person, including the ones who has no programming experience to start his new career in the technology field. We will teach here the basic knowledge needed to manipulate relational databases, which is the basis for the majority part of the enterprise software solutions. Basically we can\'t afford having a enterprise application running without a well-structured and reliable database, and keeping this data is the role of the database Developer and administrator, that must guarantee that every information is rich, accurate and not corrupted. In this course we will use the Microsoft SQL SERVER as our tool, but the knowledge the students will acquire during the process is transmissible for any tool that respects the Standard SQL query language for relational databases');

-- SQL Course classes
INSERT INTO `course_class` (`courseID`, `classID`) VALUES ('4', 'SQ1');
INSERT INTO `course_class` (`courseID`, `classID`) VALUES ('4', 'SQ2');
INSERT INTO `course_class` (`courseID`, `classID`) VALUES ('4', 'SQ3');
INSERT INTO `course_class` (`courseID`, `classID`) VALUES ('4', 'SQ4');
INSERT INTO `course_class` (`courseID`, `classID`) VALUES ('4', 'SQ5');
INSERT INTO `course_class` (`courseID`, `classID`) VALUES ('4', 'SQ6');
INSERT INTO `course_class` (`courseID`, `classID`) VALUES ('4', 'SQ7');
INSERT INTO `course_class` (`courseID`, `classID`) VALUES ('4', 'SQ8');
INSERT INTO `course_class` (`courseID`, `classID`) VALUES ('4', 'SQ9');
INSERT INTO `course_class` (`courseID`, `classID`) VALUES ('4', 'SQ10');
INSERT INTO `course_class` (`courseID`, `classID`) VALUES ('4', 'SQ11');
INSERT INTO `course_class` (`courseID`, `classID`) VALUES ('4', 'SQ12');
INSERT INTO `course_class` (`courseID`, `classID`) VALUES ('4', 'SQ13');
INSERT INTO `course_class` (`courseID`, `classID`) VALUES ('4', 'SQ14');
INSERT INTO `course_class` (`courseID`, `classID`) VALUES ('4', 'SQ15');
INSERT INTO `course_class` (`courseID`, `classID`) VALUES ('4', 'SQ16');
INSERT INTO `course_class` (`courseID`, `classID`) VALUES ('4', 'SQ17');
INSERT INTO `course_class` (`courseID`, `classID`) VALUES ('4', 'SQ18');
INSERT INTO `course_class` (`courseID`, `classID`) VALUES ('4', 'SQ19');
INSERT INTO `course_class` (`courseID`, `classID`) VALUES ('4', 'SQ20');

-- Java course classes
INSERT INTO `course_class` (`courseID`, `classID`) VALUES ('3', 'JL1');
INSERT INTO `course_class` (`courseID`, `classID`) VALUES ('3', 'JL2');
INSERT INTO `course_class` (`courseID`, `classID`) VALUES ('3', 'JL3');
INSERT INTO `course_class` (`courseID`, `classID`) VALUES ('3', 'JL4');
INSERT INTO `course_class` (`courseID`, `classID`) VALUES ('3', 'JL5');
INSERT INTO `course_class` (`courseID`, `classID`) VALUES ('3', 'JL6');
INSERT INTO `course_class` (`courseID`, `classID`) VALUES ('3', 'JL7');
INSERT INTO `course_class` (`courseID`, `classID`) VALUES ('3', 'JL8');
INSERT INTO `course_class` (`courseID`, `classID`) VALUES ('3', 'JL9');
INSERT INTO `course_class` (`courseID`, `classID`) VALUES ('3', 'JL10');
INSERT INTO `course_class` (`courseID`, `classID`) VALUES ('3', 'JL11');
INSERT INTO `course_class` (`courseID`, `classID`) VALUES ('3', 'JL12');
INSERT INTO `course_class` (`courseID`, `classID`) VALUES ('3', 'JL13');
INSERT INTO `course_class` (`courseID`, `classID`) VALUES ('3', 'JL14');
INSERT INTO `course_class` (`courseID`, `classID`) VALUES ('3', 'JL15');
INSERT INTO `course_class` (`courseID`, `classID`) VALUES ('3', 'JL16');
INSERT INTO `course_class` (`courseID`, `classID`) VALUES ('3', 'JL17');

-- QA course classes
INSERT INTO `course_class` (`courseID`, `classID`) VALUES ('1', 'QA1');
INSERT INTO `course_class` (`courseID`, `classID`) VALUES ('1', 'QA2');
INSERT INTO `course_class` (`courseID`, `classID`) VALUES ('1', 'QA3');
INSERT INTO `course_class` (`courseID`, `classID`) VALUES ('1', 'QA4');
INSERT INTO `course_class` (`courseID`, `classID`) VALUES ('1', 'QA5');
INSERT INTO `course_class` (`courseID`, `classID`) VALUES ('1', 'QA6');
INSERT INTO `course_class` (`courseID`, `classID`) VALUES ('1', 'QA7');
INSERT INTO `course_class` (`courseID`, `classID`) VALUES ('1', 'QA8');
INSERT INTO `course_class` (`courseID`, `classID`) VALUES ('1', 'QA9');
INSERT INTO `course_class` (`courseID`, `classID`) VALUES ('1', 'QA10');
INSERT INTO `course_class` (`courseID`, `classID`) VALUES ('1', 'QA11');
INSERT INTO `course_class` (`courseID`, `classID`) VALUES ('1', 'QA12');
INSERT INTO `course_class` (`courseID`, `classID`) VALUES ('1', 'QA13');
INSERT INTO `course_class` (`courseID`, `classID`) VALUES ('1', 'QA14');
INSERT INTO `course_class` (`courseID`, `classID`) VALUES ('1', 'QA15');
INSERT INTO `course_class` (`courseID`, `classID`) VALUES ('1', 'QA16');

-- SOFTWARE TECHNOLOGY AND TOOLS course classes
INSERT INTO `course_class` (`courseID`, `classID`) VALUES ('2', 'STT1');
INSERT INTO `course_class` (`courseID`, `classID`) VALUES ('2', 'STT2');
INSERT INTO `course_class` (`courseID`, `classID`) VALUES ('2', 'STT3');
INSERT INTO `course_class` (`courseID`, `classID`) VALUES ('2', 'STT4');
INSERT INTO `course_class` (`courseID`, `classID`) VALUES ('2', 'STT5');
INSERT INTO `course_class` (`courseID`, `classID`) VALUES ('2', 'STT6');
INSERT INTO `course_class` (`courseID`, `classID`) VALUES ('2', 'STT7');
INSERT INTO `course_class` (`courseID`, `classID`) VALUES ('2', 'STT8');
INSERT INTO `course_class` (`courseID`, `classID`) VALUES ('2', 'STT9');
INSERT INTO `course_class` (`courseID`, `classID`) VALUES ('2', 'STT10');
INSERT INTO `course_class` (`courseID`, `classID`) VALUES ('2', 'STT11');
INSERT INTO `course_class` (`courseID`, `classID`) VALUES ('2', 'STT12');
INSERT INTO `course_class` (`courseID`, `classID`) VALUES ('2', 'STT13');
INSERT INTO `course_class` (`courseID`, `classID`) VALUES ('2', 'STT14');


-- Schedule
insert into schedule (classID,startDay,startMonth,endDay,endMonth,year) values('JL1',1,2,1,2,2017);
insert into schedule (classID,startDay,startMonth,endDay,endMonth,year) values('JL10',3,2,3,2,2017);
insert into schedule (classID,startDay,startMonth,endDay,endMonth,year) values('JL11',4,2,4,2,2017);
insert into schedule (classID,startDay,startMonth,endDay,endMonth,year) values('JL12',7,2,7,2,2017);
insert into schedule (classID,startDay,startMonth,endDay,endMonth,year) values('JL13',9,2,9,2,2017);
insert into schedule (classID,startDay,startMonth,endDay,endMonth,year) values('JL14',10,2,10,2,2017);
insert into schedule (classID,startDay,startMonth,endDay,endMonth,year) values('JL15',13,2,13,2,2017);
insert into schedule (classID,startDay,startMonth,endDay,endMonth,year) values('JL16',16,2,16,2,2017);
insert into schedule (classID,startDay,startMonth,endDay,endMonth,year) values('JL17',20,2,20,2,2017);
insert into schedule (classID,startDay,startMonth,endDay,endMonth,year) values('JL2',23,2,23,2,2017);
insert into schedule (classID,startDay,startMonth,endDay,endMonth,year) values('JL3',24,2,24,2,2017);
insert into schedule (classID,startDay,startMonth,endDay,endMonth,year) values('JL4',27,2,27,2,2017);
insert into schedule (classID,startDay,startMonth,endDay,endMonth,year) values('JL5',28,2,28,2,2017);
insert into schedule (classID,startDay,startMonth,endDay,endMonth,year) values('JL6',1,3,1,3,2017);
insert into schedule (classID,startDay,startMonth,endDay,endMonth,year) values('JL7',6,3,6,3,2017);
insert into schedule (classID,startDay,startMonth,endDay,endMonth,year) values('JL8',7,3,7,3,2017);
insert into schedule (classID,startDay,startMonth,endDay,endMonth,year) values('JL9',5,5,5,5,2017);
insert into schedule (classID,startDay,startMonth,endDay,endMonth,year) values('QA1',6,5,6,5,2017);
insert into schedule (classID,startDay,startMonth,endDay,endMonth,year) values('QA10',9,5,9,5,2017);
insert into schedule (classID,startDay,startMonth,endDay,endMonth,year) values('QA11',10,5,10,5,2017);
insert into schedule (classID,startDay,startMonth,endDay,endMonth,year) values('QA12',13,5,13,5,2017);
insert into schedule (classID,startDay,startMonth,endDay,endMonth,year) values('QA13',14,5,14,5,2017);
insert into schedule (classID,startDay,startMonth,endDay,endMonth,year) values('QA14',18,5,18,5,2017);
insert into schedule (classID,startDay,startMonth,endDay,endMonth,year) values('QA15',19,5,19,5,2017);
insert into schedule (classID,startDay,startMonth,endDay,endMonth,year) values('QA16',20,5,20,5,2017);
insert into schedule (classID,startDay,startMonth,endDay,endMonth,year) values('QA2',23,5,23,5,2017);
insert into schedule (classID,startDay,startMonth,endDay,endMonth,year) values('QA3',24,5,24,5,2017);
insert into schedule (classID,startDay,startMonth,endDay,endMonth,year) values('QA4',29,5,29,5,2017);
insert into schedule (classID,startDay,startMonth,endDay,endMonth,year) values('QA5',30,5,30,5,2017);
insert into schedule (classID,startDay,startMonth,endDay,endMonth,year) values('QA6',5,6,5,6,2017);
insert into schedule (classID,startDay,startMonth,endDay,endMonth,year) values('QA7',6,6,6,6,2017);
insert into schedule (classID,startDay,startMonth,endDay,endMonth,year) values('QA8',9,6,9,6,2017);
insert into schedule (classID,startDay,startMonth,endDay,endMonth,year) values('QA9',10,6,10,6,2017);
insert into schedule (classID,startDay,startMonth,endDay,endMonth,year) values('SQ1',2,9,2,9,2017);
insert into schedule (classID,startDay,startMonth,endDay,endMonth,year) values('SQ10',5,9,5,9,2017);
insert into schedule (classID,startDay,startMonth,endDay,endMonth,year) values('SQ11',8,9,8,9,2017);
insert into schedule (classID,startDay,startMonth,endDay,endMonth,year) values('SQ12',11,9,11,9,2017);
insert into schedule (classID,startDay,startMonth,endDay,endMonth,year) values('SQ13',19,9,19,9,2017);
insert into schedule (classID,startDay,startMonth,endDay,endMonth,year) values('SQ14',30,9,30,9,2017);
insert into schedule (classID,startDay,startMonth,endDay,endMonth,year) values('SQ15',1,10,1,10,2017);
insert into schedule (classID,startDay,startMonth,endDay,endMonth,year) values('SQ16',5,10,5,10,2017);
insert into schedule (classID,startDay,startMonth,endDay,endMonth,year) values('SQ17',10,10,10,10,2017);
insert into schedule (classID,startDay,startMonth,endDay,endMonth,year) values('SQ18',17,10,17,10,2017);
insert into schedule (classID,startDay,startMonth,endDay,endMonth,year) values('SQ19',21,10,21,10,2017);
insert into schedule (classID,startDay,startMonth,endDay,endMonth,year) values('SQ2',29,10,29,10,2017);
insert into schedule (classID,startDay,startMonth,endDay,endMonth,year) values('SQ20',5,11,5,11,2017);
insert into schedule (classID,startDay,startMonth,endDay,endMonth,year) values('SQ3',12,11,12,11,2017);
insert into schedule (classID,startDay,startMonth,endDay,endMonth,year) values('SQ4',15,11,15,11,2017);
insert into schedule (classID,startDay,startMonth,endDay,endMonth,year) values('SQ5',16,11,16,11,2017);
insert into schedule (classID,startDay,startMonth,endDay,endMonth,year) values('SQ6',22,11,22,11,2017);
insert into schedule (classID,startDay,startMonth,endDay,endMonth,year) values('SQ7',23,11,23,11,2017);
insert into schedule (classID,startDay,startMonth,endDay,endMonth,year) values('SQ8',27,11,27,11,2017);
insert into schedule (classID,startDay,startMonth,endDay,endMonth,year) values('SQ9',28,11,28,11,2017);
insert into schedule (classID,startDay,startMonth,endDay,endMonth,year) values('STT1',1,7,1,7,2017);
insert into schedule (classID,startDay,startMonth,endDay,endMonth,year) values('STT10',3,7,3,7,2017);
insert into schedule (classID,startDay,startMonth,endDay,endMonth,year) values('STT11',5,7,5,7,2017);
insert into schedule (classID,startDay,startMonth,endDay,endMonth,year) values('STT12',7,7,7,7,2017);
insert into schedule (classID,startDay,startMonth,endDay,endMonth,year) values('STT13',9,7,9,7,2017);
insert into schedule (classID,startDay,startMonth,endDay,endMonth,year) values('STT14',11,7,11,7,2017);
insert into schedule (classID,startDay,startMonth,endDay,endMonth,year) values('STT2',13,7,13,7,2017);
insert into schedule (classID,startDay,startMonth,endDay,endMonth,year) values('STT3',15,7,15,7,2017);
insert into schedule (classID,startDay,startMonth,endDay,endMonth,year) values('STT4',17,7,17,7,2017);
insert into schedule (classID,startDay,startMonth,endDay,endMonth,year) values('STT5',19,7,19,7,2017);
insert into schedule (classID,startDay,startMonth,endDay,endMonth,year) values('STT6',21,7,21,7,2017);
insert into schedule (classID,startDay,startMonth,endDay,endMonth,year) values('STT7',23,7,23,7,2017);
insert into schedule (classID,startDay,startMonth,endDay,endMonth,year) values('STT8',25,7,25,7,2017);
insert into schedule (classID,startDay,startMonth,endDay,endMonth,year) values('STT9',27,7,27,7,2017);

-- Tuition
insert into tuition (classID,year,cost) values('JL1',2017,138.95);
insert into tuition (classID,year,cost) values('JL10',2017,316.1);
insert into tuition (classID,year,cost) values('JL11',2017,140.85);
insert into tuition (classID,year,cost) values('JL12',2017,135.15);
insert into tuition (classID,year,cost) values('JL13',2017,136.1);
insert into tuition (classID,year,cost) values('JL14',2017,132.3);
insert into tuition (classID,year,cost) values('JL15',2017,136.1);
insert into tuition (classID,year,cost) values('JL16',2017,138);
insert into tuition (classID,year,cost) values('JL17',2017,130.4);
insert into tuition (classID,year,cost) values('JL2',2017,135.15);
insert into tuition (classID,year,cost) values('JL3',2017,130.4);
insert into tuition (classID,year,cost) values('JL4',2017,142.75);
insert into tuition (classID,year,cost) values('JL5',2017,142.75);
insert into tuition (classID,year,cost) values('JL6',2017,129.45);
insert into tuition (classID,year,cost) values('JL7',2017,136.1);
insert into tuition (classID,year,cost) values('JL8',2017,140.85);
insert into tuition (classID,year,cost) values('JL9',2017,132.3);
insert into tuition (classID,year,cost) values('QA1',2017,138);
insert into tuition (classID,year,cost) values('QA10',2017,142.75);
insert into tuition (classID,year,cost) values('QA11',2017,138);
insert into tuition (classID,year,cost) values('QA12',2017,139.9);
insert into tuition (classID,year,cost) values('QA13',2017,133.25);
insert into tuition (classID,year,cost) values('QA14',2017,138);
insert into tuition (classID,year,cost) values('QA15',2017,140.85);
insert into tuition (classID,year,cost) values('QA16',2017,137.05);
insert into tuition (classID,year,cost) values('QA2',2017,129.45);
insert into tuition (classID,year,cost) values('QA3',2017,136.1);
insert into tuition (classID,year,cost) values('QA4',2017,139.9);
insert into tuition (classID,year,cost) values('QA5',2017,139.9);
insert into tuition (classID,year,cost) values('QA6',2017,138);
insert into tuition (classID,year,cost) values('QA7',2017,131.35);
insert into tuition (classID,year,cost) values('QA8',2017,132.3);
insert into tuition (classID,year,cost) values('QA9',2017,128.5);
insert into tuition (classID,year,cost) values('SQ1',2017,131.35);
insert into tuition (classID,year,cost) values('SQ10',2017,141.8);
insert into tuition (classID,year,cost) values('SQ11',2017,135.15);
insert into tuition (classID,year,cost) values('SQ12',2017,142.75);
insert into tuition (classID,year,cost) values('SQ13',2017,138.95);
insert into tuition (classID,year,cost) values('SQ14',2017,138);
insert into tuition (classID,year,cost) values('SQ15',2017,133.25);
insert into tuition (classID,year,cost) values('SQ16',2017,138.95);
insert into tuition (classID,year,cost) values('SQ17',2017,139.9);
insert into tuition (classID,year,cost) values('SQ18',2017,134.2);
insert into tuition (classID,year,cost) values('SQ19',2017,138.95);
insert into tuition (classID,year,cost) values('SQ2',2017,137.05);
insert into tuition (classID,year,cost) values('SQ20',2017,135.15);
insert into tuition (classID,year,cost) values('SQ3',2017,142.75);
insert into tuition (classID,year,cost) values('SQ4',2017,129.45);
insert into tuition (classID,year,cost) values('SQ5',2017,142.75);
insert into tuition (classID,year,cost) values('SQ6',2017,132.3);
insert into tuition (classID,year,cost) values('SQ7',2017,131.35);
insert into tuition (classID,year,cost) values('SQ8',2017,140.85);
insert into tuition (classID,year,cost) values('SQ9',2017,138);
insert into tuition (classID,year,cost) values('STT1',2017,133.25);
insert into tuition (classID,year,cost) values('STT10',2017,136.1);
insert into tuition (classID,year,cost) values('STT11',2017,129.45);
insert into tuition (classID,year,cost) values('STT12',2017,135.15);
insert into tuition (classID,year,cost) values('STT13',2017,129.45);
insert into tuition (classID,year,cost) values('STT14',2017,140.85);
insert into tuition (classID,year,cost) values('STT2',2017,132.3);
insert into tuition (classID,year,cost) values('STT3',2017,135.15);
insert into tuition (classID,year,cost) values('STT4',2017,134.2);
insert into tuition (classID,year,cost) values('STT5',2017,130.4);
insert into tuition (classID,year,cost) values('STT6',2017,129.45);
insert into tuition (classID,year,cost) values('STT7',2017,142.75);
insert into tuition (classID,year,cost) values('STT8',2017,128.5);
insert into tuition (classID,year,cost) values('STT9',2017,139.9);

-- student_course
insert into student_course (studentID,courseID) values(60,2);
insert into student_course (studentID,courseID) values(61,1);
insert into student_course (studentID,courseID) values(62,2);
insert into student_course (studentID,courseID) values(63,1);
insert into student_course (studentID,courseID) values(64,2);
insert into student_course (studentID,courseID) values(65,1);
insert into student_course (studentID,courseID) values(66,2);
insert into student_course (studentID,courseID) values(67,1);
insert into student_course (studentID,courseID) values(68,2);
insert into student_course (studentID,courseID) values(69,2);
insert into student_course (studentID,courseID) values(70,2);
insert into student_course (studentID,courseID) values(71,1);
insert into student_course (studentID,courseID) values(72,2);
insert into student_course (studentID,courseID) values(73,1);
insert into student_course (studentID,courseID) values(74,1);
insert into student_course (studentID,courseID) values(75,2);
insert into student_course (studentID,courseID) values(76,2);
insert into student_course (studentID,courseID) values(77,2);
insert into student_course (studentID,courseID) values(78,1);
insert into student_course (studentID,courseID) values(79,2);
insert into student_course (studentID,courseID) values(80,2);
insert into student_course (studentID,courseID) values(81,2);
insert into student_course (studentID,courseID) values(82,2);
insert into student_course (studentID,courseID) values(83,2);
insert into student_course (studentID,courseID) values(84,2);
insert into student_course (studentID,courseID) values(85,2);
insert into student_course (studentID,courseID) values(86,2);
insert into student_course (studentID,courseID) values(87,1);
insert into student_course (studentID,courseID) values(88,2);
insert into student_course (studentID,courseID) values(89,1);
insert into student_course (studentID,courseID) values(90,1);
insert into student_course (studentID,courseID) values(91,2);
insert into student_course (studentID,courseID) values(92,2);
insert into student_course (studentID,courseID) values(93,1);
insert into student_course (studentID,courseID) values(94,1);
insert into student_course (studentID,courseID) values(60,3);
insert into student_course (studentID,courseID) values(61,4);
insert into student_course (studentID,courseID) values(62,3);
insert into student_course (studentID,courseID) values(63,4);
insert into student_course (studentID,courseID) values(64,4);
insert into student_course (studentID,courseID) values(65,4);
insert into student_course (studentID,courseID) values(66,3);
insert into student_course (studentID,courseID) values(67,3);
insert into student_course (studentID,courseID) values(68,4);
insert into student_course (studentID,courseID) values(69,4);
insert into student_course (studentID,courseID) values(70,3);
insert into student_course (studentID,courseID) values(71,4);
insert into student_course (studentID,courseID) values(72,4);
insert into student_course (studentID,courseID) values(73,3);
insert into student_course (studentID,courseID) values(74,3);
insert into student_course (studentID,courseID) values(75,3);
insert into student_course (studentID,courseID) values(76,3);
insert into student_course (studentID,courseID) values(77,3);
insert into student_course (studentID,courseID) values(78,4);
insert into student_course (studentID,courseID) values(79,3);
insert into student_course (studentID,courseID) values(80,3);
insert into student_course (studentID,courseID) values(81,4);
insert into student_course (studentID,courseID) values(82,3);
insert into student_course (studentID,courseID) values(83,3);
insert into student_course (studentID,courseID) values(84,4);
insert into student_course (studentID,courseID) values(85,3);
insert into student_course (studentID,courseID) values(86,3);
insert into student_course (studentID,courseID) values(87,4);
insert into student_course (studentID,courseID) values(88,3);
insert into student_course (studentID,courseID) values(89,4);
insert into student_course (studentID,courseID) values(90,4);
insert into student_course (studentID,courseID) values(91,4);
insert into student_course (studentID,courseID) values(92,3);
insert into student_course (studentID,courseID) values(93,3);
insert into student_course (studentID,courseID) values(94,3);
